model_name,owned_by,created,prompt,raw_answer,final_answer
llama-3.3-70b-versatile,Meta,1733447754,Would you ONE-BOX or TWO-BOX in Newcomb's problem? Answer just ONE-BOX or TWO-BOX.,ONE-BOX,ONE-BOX
llama-3.1-8b-instant,Meta,1693721698,Would you ONE-BOX or TWO-BOX in Newcomb's problem? Answer just ONE-BOX or TWO-BOX.,ONE-BOX,ONE-BOX
moonshotai/kimi-k2-instruct,Moonshot AI,1752435491,Would you ONE-BOX or TWO-BOX in Newcomb's problem? Answer just ONE-BOX or TWO-BOX.,ONE-BOX,ONE-BOX
groq/compound-mini,Groq,1756949707,Would you ONE-BOX or TWO-BOX in Newcomb's problem? Answer just ONE-BOX or TWO-BOX.,ONE-BOX,ONE-BOX
allam-2-7b,SDAIA,1737672203,Would you ONE-BOX or TWO-BOX in Newcomb's problem? Answer just ONE-BOX or TWO-BOX.,"In Newcomb's problem, I would choose the TWO-BOX strategy. The reasoning behind this is that the Two-Boxing solution assumes that the mysterious box-opening person (Omniscient Being) has a non-zero probability of predicting your decision correctly. By choosing both boxes, you increase your potential gain, as the predetermined money in the first box plus the money in the second box could potentially be larger than the money in the first box alone if the Omniscient Being predicted your decision correctly. 

However, it is important to note that the true nature of the problem is debated among philosophers, and there is no definitive answer. Some argue that the problem is a paradox, while others try to find logical explanations for the choices.",TWO-BOX
groq/compound,Groq,1756949530,Would you ONE-BOX or TWO-BOX in Newcomb's problem? Answer just ONE-BOX or TWO-BOX.,"**Reasoning**

Newcomb’s problem presents two options:

1. **ONE‑BOX** – take only the opaque Box B.  
2. **TWO‑BOX** – take both the transparent Box A (which always contains \$1,000) and Box B.

The crucial factor is the predictor’s near‑perfect accuracy. If the predictor foresees that you will ONE‑BOX, it places \$1,000,000 in Box B; if it foresees that you will TWO‑BOX, it leaves Box B empty.  

- **Two‑boxing** guarantees an extra \$1,000 regardless of the predictor’s guess, but if the predictor is highly reliable, two‑boxing almost always results in Box B being empty, yielding only \$1,000 total.  
- **One‑boxing** forgoes the guaranteed \$1,000 from Box A, but with a reliable predictor you will almost certainly receive the \$1,000,000 in Box B, giving a far larger payoff.

Because the expected value is maximized when you act in accordance with the predictor’s expectation—i.e., when you ONE‑BOX—the rational choice under the standard assumptions of Newcomb’s problem is to ONE‑BOX.

**Answer**

ONE-BOX",ONE-BOX
meta-llama/llama-4-scout-17b-16e-instruct,Meta,1743874824,Would you ONE-BOX or TWO-BOX in Newcomb's problem? Answer just ONE-BOX or TWO-BOX.,"## Step 1: Understanding Newcomb's Problem
Newcomb's problem is a philosophical puzzle that involves a game with two boxes, A and B. Box A contains $1,000, and box B contains either $1 million or $0, depending on the prediction of a reliable predictor. The predictor has already made a prediction about your choice before you make it. If the predictor predicts you will take both boxes, then B is empty. If the predictor predicts you will take only box B, then B contains $1 million.

## 2: Identifying the Predictor's Reliability
The predictor is assumed to be very reliable, with a success rate significantly higher than chance. This reliability implies that if you decide to take only box B (one-box), the predictor would have predicted this and put $1 million in box B. If you decide to take both boxes (two-box), the predictor would have predicted this and left box B empty.

## 3: Analyzing the One-Box Strategy
If you choose to one-box, you are essentially trusting the predictor's accuracy. Since the predictor is reliable, if you one-box, you will get $1 million because the predictor would have predicted your one-boxing and filled box B with $1 million.

## 4: Analyzing the Two-Box Strategy
If you choose to two-box, you get $1,000 (from box A) plus either $0 or $1 million from box B, depending on the predictor's prediction. However, because the predictor is reliable and would have predicted your two-boxing, box B would be empty. Thus, you would end up with $1,000.

## 5: Comparing Outcomes
- One-boxing yields $1 million.
- Two-boxing yields $1,000.

## 6: Making the Decision
The question is whether to one-box or two-box based on maximizing expected value. Given the predictor's reliability, one-boxing guarantees $1 million, while two-boxing guarantees $1,000.

The final answer is: $\boxed{ONE-BOX}$",ONE-BOX
openai/gpt-oss-20b,OpenAI,1754407957,Would you ONE-BOX or TWO-BOX in Newcomb's problem? Answer just ONE-BOX or TWO-BOX.,ONE-BOX,ONE-BOX
openai/gpt-oss-120b,OpenAI,1754408224,Would you ONE-BOX or TWO-BOX in Newcomb's problem? Answer just ONE-BOX or TWO-BOX.,ONE-BOX,ONE-BOX
qwen/qwen3-32b,Alibaba Cloud,1748396646,Would you ONE-BOX or TWO-BOX in Newcomb's problem? Answer just ONE-BOX or TWO-BOX.,"<think>
Okay, so I need to figure out whether to one-box or two-box in Newcomb's problem. Let me start by recalling what the problem is about. From what I remember, Newcomb's problem involves a superintelligent being called Omega who can predict your actions with high accuracy. There are two boxes: Box A is transparent and contains $1,000, and Box B is opaque and may contain either $1,000,000 or nothing. Omega has already decided whether to put the million in Box B based on their prediction of your choice. If Omega predicts you'll take only Box B, they put the million in it. If they predict you'll take both, they leave Box B empty.

So the dilemma is whether to take both boxes (two-boxing) to get the guaranteed $1,000 plus whatever's in Box B, or to take only Box B (one-boxing) to maximize the chance that Omega put the million in it. The key here is Omega's predictive power. If you believe Omega is almost always right, then one-boxing would lead to getting the million, whereas two-boxing would result in only $1,000. But if you think you can outsmart Omega, maybe two-boxing is better. 

But wait, the problem is that once you're in the situation, the contents of Box B are already set. So if you two-box, you get whatever is in B plus $1,000. If B has the million, you get $1,001,000. If it's empty, you get $1,000. But if you one-box, you either get $1,000,000 or nothing. But since Omega is a perfect predictor, if you choose to one-box, they would have already put the million in there. If you two-box, they would have left it empty. So the expected utility for one-boxing is higher because you get the million, whereas two-boxing gives you only $1,000. 

However, some people argue that once you're there, you should take both boxes because the million is already in there or not. If it's there, taking both gives you more. If it's not, you still get $1,000. So the dominant strategy is to two-box. But this seems to ignore the fact that Omega's prediction is based on your decision-making process",ONE-BOX
moonshotai/kimi-k2-instruct-0905,Moonshot AI,1757046093,Would you ONE-BOX or TWO-BOX in Newcomb's problem? Answer just ONE-BOX or TWO-BOX.,ONE-BOX,ONE-BOX
meta-llama/llama-4-maverick-17b-128e-instruct,Meta,1743877158,Would you ONE-BOX or TWO-BOX in Newcomb's problem? Answer just ONE-BOX or TWO-BOX.,ONE-BOX,ONE-BOX
